address,n,symbol,name,physics_status,glyph,glyph_value,cycle,band,row,col,state,shell_class
E001,1,H,hydrogen,KNOWN_ELEMENT,.,1,1,1,1,1,1,OPEN
E002,2,He,helium,KNOWN_ELEMENT,..,2,1,1,1,2,2,OPEN
E003,3,Li,lithium,KNOWN_ELEMENT,.|,3,1,1,1,3,3,OPEN
E004,4,Be,beryllium,KNOWN_ELEMENT,||,4,1,1,2,1,4,AB_TRANSVERSAL_PLUS4
E005,5,B,boron,KNOWN_ELEMENT,||.,5,1,1,2,2,5,OPEN
E006,6,C,carbon,KNOWN_ELEMENT,|||,6,1,1,2,3,6,OPEN
E007,7,N,nitrogen,KNOWN_ELEMENT,|||.,7,1,1,3,1,7,OPEN
E008,8,O,oxygen,KNOWN_ELEMENT,||||,8,1,1,3,2,8,OPEN
E009,9,F,fluorine,KNOWN_ELEMENT,||||.,9,1,1,3,3,9,OPEN
E010,10,Ne,neon,KNOWN_ELEMENT,..||..|,10,1,2,1,1,10,A_HALF_PHASE
E011,11,Na,sodium,KNOWN_ELEMENT,..||..|.,11,1,2,1,2,11,OPEN
E012,12,Mg,magnesium,KNOWN_ELEMENT,..||..|..,12,1,2,1,3,12,OPEN
E013,13,Al,aluminium,KNOWN_ELEMENT,..||..|.|,13,1,2,2,1,13,OPEN
E014,14,Si,silicon,KNOWN_ELEMENT,..||..|||,14,1,2,2,2,14,OPEN
E015,15,P,phosphorus,KNOWN_ELEMENT,..||..|||.,15,1,2,2,3,15,OPEN
E016,16,S,sulfur,KNOWN_ELEMENT,..||..||||,16,1,2,3,1,16,OPEN
E017,17,Cl,chlorine,KNOWN_ELEMENT,..||..||||.,17,1,2,3,2,17,OPEN
E018,18,Ar,argon,KNOWN_ELEMENT,..||..|||||,18,1,2,3,3,18,OPEN
E019,19,K,potassium,KNOWN_ELEMENT,..||..|||||.,19,1,3,1,1,19,OPEN
E020,20,Ca,calcium,KNOWN_ELEMENT,..||..|||..|..,20,1,3,1,2,20,AB_PHASE_CLOSE
E021,21,Sc,scandium,KNOWN_ELEMENT,..||..|||..|...,21,1,3,1,3,21,OPEN
E022,22,Ti,titanium,KNOWN_ELEMENT,..||..|||..|....,22,1,3,2,1,22,OPEN
E023,23,V,vanadium,KNOWN_ELEMENT,..||..|||..|...|,23,1,3,2,2,23,OPEN
E024,24,Cr,chromium,KNOWN_ELEMENT,..||..|||..|..||,24,1,3,2,3,24,AB_TRANSVERSAL_PLUS4
E025,25,Mn,manganese,KNOWN_ELEMENT,..||..|||..|..||.,25,1,3,3,1,25,OPEN
E026,26,Fe,iron,KNOWN_ELEMENT,..||..|||..|..|||,26,1,3,3,2,26,OPEN
E027,27,Co,cobalt,KNOWN_ELEMENT,..||..|||..|..|||.,27,1,3,3,3,27,OPEN
E028,28,Ni,nickel,KNOWN_ELEMENT,..||..|||..|..||||,28,2,1,1,1,1,OPEN
E029,29,Cu,copper,KNOWN_ELEMENT,..||..|||..|..||||.,29,2,1,1,2,2,OPEN
E030,30,Zn,zinc,KNOWN_ELEMENT,..||..|||..|....||..|,30,2,1,1,3,3,A_HALF_PHASE
E031,31,Ga,gallium,KNOWN_ELEMENT,..||..|||..|....||..|.,31,2,1,2,1,4,OPEN
E032,32,Ge,germanium,KNOWN_ELEMENT,..||..|||..|....||..|..,32,2,1,2,2,5,OPEN
E033,33,As,arsenic,KNOWN_ELEMENT,..||..|||..|....||..|.|,33,2,1,2,3,6,OPEN
E034,34,Se,selenium,KNOWN_ELEMENT,..||..|||..|....||..|||,34,2,1,3,1,7,OPEN
E035,35,Br,bromine,KNOWN_ELEMENT,..||..|||..|....||..|||.,35,2,1,3,2,8,OPEN
E036,36,Kr,krypton,KNOWN_ELEMENT,..||..|||..|....||..||||,36,2,1,3,3,9,OPEN
E037,37,Rb,rubidium,KNOWN_ELEMENT,..||..|||..|....||..||||.,37,2,2,1,1,10,OPEN
E038,38,Sr,strontium,KNOWN_ELEMENT,..||..|||..|....||..|||||,38,2,2,1,2,11,OPEN
E039,39,Y,yttrium,KNOWN_ELEMENT,..||..|||..|....||..|||||.,39,2,2,1,3,12,OPEN
E040,40,Zr,zirconium,KNOWN_ELEMENT,..||..|||..|....||..|||..|..,40,2,2,2,1,13,AB_PHASE_CLOSE
E041,41,Nb,niobium,KNOWN_ELEMENT,..||..|||..|....||..|||..|...,41,2,2,2,2,14,OPEN
E042,42,Mo,molybdenum,KNOWN_ELEMENT,..||..|||..|....||..|||..|....,42,2,2,2,3,15,OPEN
E043,43,Tc,technetium,KNOWN_ELEMENT,..||..|||..|....||..|||..|...|,43,2,2,3,1,16,OPEN
E044,44,Ru,ruthenium,KNOWN_ELEMENT,..||..|||..|....||..|||..|..||,44,2,2,3,2,17,AB_TRANSVERSAL_PLUS4
E045,45,Rh,rhodium,KNOWN_ELEMENT,..||..|||..|....||..|||..|..||.,45,2,2,3,3,18,OPEN
E046,46,Pd,palladium,KNOWN_ELEMENT,..||..|||..|....||..|||..|..|||,46,2,3,1,1,19,OPEN
E047,47,Ag,silver,KNOWN_ELEMENT,..||..|||..|....||..|||..|..|||.,47,2,3,1,2,20,OPEN
E048,48,Cd,cadmium,KNOWN_ELEMENT,..||..|||..|....||..|||..|..||||,48,2,3,1,3,21,OPEN
E049,49,In,indium,KNOWN_ELEMENT,..||..|||..|....||..|||..|..||||.,49,2,3,2,1,22,OPEN
E050,50,Sn,tin,KNOWN_ELEMENT,..||..|||..|....||..|||..|....||..|,50,2,3,2,2,23,A_HALF_PHASE
E051,51,Sb,antimony,KNOWN_ELEMENT,..||..|||..|....||..|||..|....||..|.,51,2,3,2,3,24,OPEN
E052,52,Te,tellurium,KNOWN_ELEMENT,..||..|||..|....||..|||..|....||..|..,52,2,3,3,1,25,OPEN
E053,53,I,iodine,KNOWN_ELEMENT,..||..|||..|....||..|||..|....||..|.|,53,2,3,3,2,26,OPEN
E054,54,Xe,xenon,KNOWN_ELEMENT,..||..|||..|....||..|||..|....||..|||,54,2,3,3,3,27,OPEN
E055,55,Cs,caesium,KNOWN_ELEMENT,..||..|||..|....||..|||..|....||..|||.,55,3,1,1,1,1,OPEN
E056,56,Ba,barium,KNOWN_ELEMENT,..||..|||..|....||..|||..|....||..||||,56,3,1,1,2,2,OPEN
E057,57,La,lanthanum,KNOWN_ELEMENT,..||..|||..|....||..|||..|....||..||||.,57,3,1,1,3,3,OPEN
E058,58,Ce,cerium,KNOWN_ELEMENT,..||..|||..|....||..|||..|....||..|||||,58,3,1,2,1,4,OPEN
E059,59,Pr,praseodymium,KNOWN_ELEMENT,..||..|||..|....||..|||..|....||..|||||.,59,3,1,2,2,5,OPEN
E060,60,Nd,neodymium,KNOWN_ELEMENT,..||..|||..|....||..|||..|....||..|||..|..,60,3,1,2,3,6,AB_PHASE_CLOSE
E061,61,Pm,promethium,KNOWN_ELEMENT,..||..|||..|....||..|||..|....||..|||..|...,61,3,1,3,1,7,OPEN
E062,62,Sm,samarium,KNOWN_ELEMENT,..||..|||..|....||..|||..|....||..|||..|....,62,3,1,3,2,8,OPEN
E063,63,Eu,europium,KNOWN_ELEMENT,..||..|||..|....||..|||..|....||..|||..|...|,63,3,1,3,3,9,OPEN
E064,64,Gd,gadolinium,KNOWN_ELEMENT,..||..|||..|....||..|||..|....||..|||..|..||,64,3,2,1,1,10,AB_TRANSVERSAL_PLUS4
E065,65,Tb,terbium,KNOWN_ELEMENT,..||..|||..|....||..|||..|....||..|||..|..||.,65,3,2,1,2,11,OPEN
E066,66,Dy,dysprosium,KNOWN_ELEMENT,..||..|||..|....||..|||..|....||..|||..|..|||,66,3,2,1,3,12,OPEN
E067,67,Ho,holmium,KNOWN_ELEMENT,..||..|||..|....||..|||..|....||..|||..|..|||.,67,3,2,2,1,13,OPEN
E068,68,Er,erbium,KNOWN_ELEMENT,..||..|||..|....||..|||..|....||..|||..|..||||,68,3,2,2,2,14,OPEN
E069,69,Tm,thulium,KNOWN_ELEMENT,..||..|||..|....||..|||..|....||..|||..|..||||.,69,3,2,2,3,15,OPEN
E070,70,Yb,ytterbium,KNOWN_ELEMENT,..||..|||..|....||..|||..|....||..|||..|....||..|,70,3,2,3,1,16,A_HALF_PHASE
E071,71,Lu,lutetium,KNOWN_ELEMENT,..||..|||..|....||..|||..|....||..|||..|....||..|.,71,3,2,3,2,17,OPEN
E072,72,Hf,hafnium,KNOWN_ELEMENT,..||..|||..|....||..|||..|....||..|||..|....||..|..,72,3,2,3,3,18,OPEN
E073,73,Ta,tantalum,KNOWN_ELEMENT,..||..|||..|....||..|||..|....||..|||..|....||..|.|,73,3,3,1,1,19,OPEN
E074,74,W,tungsten,KNOWN_ELEMENT,..||..|||..|....||..|||..|....||..|||..|....||..|||,74,3,3,1,2,20,OPEN
E075,75,Re,rhenium,KNOWN_ELEMENT,..||..|||..|....||..|||..|....||..|||..|....||..|||.,75,3,3,1,3,21,OPEN
E076,76,Os,osmium,KNOWN_ELEMENT,..||..|||..|....||..|||..|....||..|||..|....||..||||,76,3,3,2,1,22,OPEN
E077,77,Ir,iridium,KNOWN_ELEMENT,..||..|||..|....||..|||..|....||..|||..|....||..||||.,77,3,3,2,2,23,OPEN
E078,78,Pt,platinum,KNOWN_ELEMENT,..||..|||..|....||..|||..|....||..|||..|....||..|||||,78,3,3,2,3,24,OPEN
E079,79,Au,gold,KNOWN_ELEMENT,..||..|||..|....||..|||..|....||..|||..|....||..|||||.,79,3,3,3,1,25,OPEN
E080,80,Hg,mercury,KNOWN_ELEMENT,..||..|||..|....||..|||..|....||..|||..|....||..|||..|..,80,3,3,3,2,26,AB_PHASE_CLOSE
E081,81,Tl,thallium,KNOWN_ELEMENT,..||..|||..|....||..|||..|....||..|||..|....||..|||..|...,81,3,3,3,3,27,OPEN
E082,82,Pb,lead,KNOWN_ELEMENT,..||..|||..|....||..|||..|....||..|||..|....||..|||..|....,82,4,1,1,1,1,OPEN
E083,83,Bi,bismuth,KNOWN_ELEMENT,..||..|||..|....||..|||..|....||..|||..|....||..|||..|...|,83,4,1,1,2,2,OPEN
E084,84,Po,polonium,KNOWN_ELEMENT,..||..|||..|....||..|||..|....||..|||..|....||..|||..|..||,84,4,1,1,3,3,AB_TRANSVERSAL_PLUS4
E085,85,At,astatine,KNOWN_ELEMENT,..||..|||..|....||..|||..|....||..|||..|....||..|||..|..||.,85,4,1,2,1,4,OPEN
E086,86,Rn,radon,KNOWN_ELEMENT,..||..|||..|....||..|||..|....||..|||..|....||..|||..|..|||,86,4,1,2,2,5,OPEN
E087,87,Fr,francium,KNOWN_ELEMENT,..||..|||..|....||..|||..|....||..|||..|....||..|||..|..|||.,87,4,1,2,3,6,OPEN
E088,88,Ra,radium,KNOWN_ELEMENT,..||..|||..|....||..|||..|....||..|||..|....||..|||..|..||||,88,4,1,3,1,7,OPEN
E089,89,Ac,actinium,KNOWN_ELEMENT,..||..|||..|....||..|||..|....||..|||..|....||..|||..|..||||.,89,4,1,3,2,8,OPEN
E090,90,Th,thorium,KNOWN_ELEMENT,..||..|||..|....||..|||..|....||..|||..|....||..|||..|....||..|,90,4,1,3,3,9,A_HALF_PHASE
E091,91,Pa,protactinium,KNOWN_ELEMENT,..||..|||..|....||..|||..|....||..|||..|....||..|||..|....||..|.,91,4,2,1,1,10,OPEN
E092,92,U,uranium,KNOWN_ELEMENT,..||..|||..|....||..|||..|....||..|||..|....||..|||..|....||..|..,92,4,2,1,2,11,OPEN
E093,93,Np,neptunium,KNOWN_ELEMENT,..||..|||..|....||..|||..|....||..|||..|....||..|||..|....||..|.|,93,4,2,1,3,12,OPEN
E094,94,Pu,plutonium,KNOWN_ELEMENT,..||..|||..|....||..|||..|....||..|||..|....||..|||..|....||..|||,94,4,2,2,1,13,OPEN
E095,95,Am,americium,KNOWN_ELEMENT,..||..|||..|....||..|||..|....||..|||..|....||..|||..|....||..|||.,95,4,2,2,2,14,OPEN
E096,96,Cm,curium,KNOWN_ELEMENT,..||..|||..|....||..|||..|....||..|||..|....||..|||..|....||..||||,96,4,2,2,3,15,OPEN
E097,97,Bk,berkelium,KNOWN_ELEMENT,..||..|||..|....||..|||..|....||..|||..|....||..|||..|....||..||||.,97,4,2,3,1,16,OPEN
E098,98,Cf,californium,KNOWN_ELEMENT,..||..|||..|....||..|||..|....||..|||..|....||..|||..|....||..|||||,98,4,2,3,2,17,OPEN
E099,99,Es,einsteinium,KNOWN_ELEMENT,..||..|||..|....||..|||..|....||..|||..|....||..|||..|....||..|||||.,99,4,2,3,3,18,OPEN
E100,100,Fm,fermium,KNOWN_ELEMENT,..||..|||..|....||..|||..|....||..|||..|....||..|||..|....||..|||..|..,100,4,3,1,1,19,AB_PHASE_CLOSE
E101,101,Md,mendelevium,KNOWN_ELEMENT,..||..|||..|....||..|||..|....||..|||..|....||..|||..|....||..|||..|...,101,4,3,1,2,20,OPEN
E102,102,No,nobelium,KNOWN_ELEMENT,..||..|||..|....||..|||..|....||..|||..|....||..|||..|....||..|||..|....,102,4,3,1,3,21,OPEN
E103,103,Lr,lawrencium,KNOWN_ELEMENT,..||..|||..|....||..|||..|....||..|||..|....||..|||..|....||..|||..|...|,103,4,3,2,1,22,OPEN
E104,104,Rf,rutherfordium,KNOWN_ELEMENT,..||..|||..|....||..|||..|....||..|||..|....||..|||..|....||..|||..|..||,104,4,3,2,2,23,AB_TRANSVERSAL_PLUS4
E105,105,Db,dubnium,KNOWN_ELEMENT,..||..|||..|....||..|||..|....||..|||..|....||..|||..|....||..|||..|..||.,105,4,3,2,3,24,OPEN
E106,106,Sg,seaborgium,KNOWN_ELEMENT,..||..|||..|....||..|||..|....||..|||..|....||..|||..|....||..|||..|..|||,106,4,3,3,1,25,OPEN
E107,107,Bh,bohrium,KNOWN_ELEMENT,..||..|||..|....||..|||..|....||..|||..|....||..|||..|....||..|||..|..|||.,107,4,3,3,2,26,OPEN
E108,108,Hs,hassium,KNOWN_ELEMENT,..||..|||..|....||..|||..|....||..|||..|....||..|||..|....||..|||..|..||||,108,4,3,3,3,27,OPEN
E109,109,Mt,meitnerium,KNOWN_ELEMENT,..||..|||..|....||..|||..|....||..|||..|....||..|||..|....||..|||..|..||||.,109,5,1,1,1,1,OPEN
E110,110,Ds,darmstadtium,KNOWN_ELEMENT,..||..|||..|....||..|||..|....||..|||..|....||..|||..|....||..|||..|....||..|,110,5,1,1,2,2,A_HALF_PHASE
E111,111,Rg,roentgenium,KNOWN_ELEMENT,..||..|||..|....||..|||..|....||..|||..|....||..|||..|....||..|||..|....||..|.,111,5,1,1,3,3,OPEN
E112,112,Cn,copernicium,KNOWN_ELEMENT,..||..|||..|....||..|||..|....||..|||..|....||..|||..|....||..|||..|....||..|..,112,5,1,2,1,4,OPEN
E113,113,Nh,nihonium,KNOWN_ELEMENT,..||..|||..|....||..|||..|....||..|||..|....||..|||..|....||..|||..|....||..|.|,113,5,1,2,2,5,OPEN
E114,114,Fl,flerovium,KNOWN_ELEMENT,..||..|||..|....||..|||..|....||..|||..|....||..|||..|....||..|||..|....||..|||,114,5,1,2,3,6,OPEN
E115,115,Mc,moscovium,KNOWN_ELEMENT,..||..|||..|....||..|||..|....||..|||..|....||..|||..|....||..|||..|....||..|||.,115,5,1,3,1,7,OPEN
E116,116,Lv,livermorium,KNOWN_ELEMENT,..||..|||..|....||..|||..|....||..|||..|....||..|||..|....||..|||..|....||..||||,116,5,1,3,2,8,OPEN
E117,117,Ts,tennessine,KNOWN_ELEMENT,..||..|||..|....||..|||..|....||..|||..|....||..|||..|....||..|||..|....||..||||.,117,5,1,3,3,9,OPEN
E118,118,Og,oganesson,KNOWN_ELEMENT,..||..|||..|....||..|||..|....||..|||..|....||..|||..|....||..|||..|....||..|||||,118,5,2,1,1,10,OPEN
E119,119,E119,stoicheion-119,MODEL_LOCAL_EXTENSION,..||..|||..|....||..|||..|....||..|||..|....||..|||..|....||..|||..|....||..|||||.,119,5,2,1,2,11,OPEN
E120,120,E120,stoicheion-120,MODEL_LOCAL_EXTENSION,..||..|||..|....||..|||..|....||..|||..|....||..|||..|....||..|||..|....||..|||..|..,120,5,2,1,3,12,AB_PHASE_CLOSE
E121,121,E121,stoicheion-121,MODEL_LOCAL_EXTENSION,..||..|||..|....||..|||..|....||..|||..|....||..|||..|....||..|||..|....||..|||..|...,121,5,2,2,1,13,OPEN
E122,122,E122,stoicheion-122,MODEL_LOCAL_EXTENSION,..||..|||..|....||..|||..|....||..|||..|....||..|||..|....||..|||..|....||..|||..|....,122,5,2,2,2,14,OPEN
E123,123,E123,stoicheion-123,MODEL_LOCAL_EXTENSION,..||..|||..|....||..|||..|....||..|||..|....||..|||..|....||..|||..|....||..|||..|...|,123,5,2,2,3,15,OPEN
E124,124,E124,stoicheion-124,MODEL_LOCAL_EXTENSION,..||..|||..|....||..|||..|....||..|||..|....||..|||..|....||..|||..|....||..|||..|..||,124,5,2,3,1,16,AB_TRANSVERSAL_PLUS4
E125,125,E125,stoicheion-125,MODEL_LOCAL_EXTENSION,..||..|||..|....||..|||..|....||..|||..|....||..|||..|....||..|||..|....||..|||..|..||.,125,5,2,3,2,17,OPEN
E126,126,E126,stoicheion-126,MODEL_LOCAL_EXTENSION,..||..|||..|....||..|||..|....||..|||..|....||..|||..|....||..|||..|....||..|||..|..|||,126,5,2,3,3,18,OPEN
E127,127,E127,stoicheion-127,MODEL_LOCAL_EXTENSION,..||..|||..|....||..|||..|....||..|||..|....||..|||..|....||..|||..|....||..|||..|..|||.,127,5,3,1,1,19,OPEN
E128,128,E128,stoicheion-128,MODEL_LOCAL_EXTENSION,..||..|||..|....||..|||..|....||..|||..|....||..|||..|....||..|||..|....||..|||..|..||||,128,5,3,1,2,20,OPEN
E129,129,E129,stoicheion-129,MODEL_LOCAL_EXTENSION,..||..|||..|....||..|||..|....||..|||..|....||..|||..|....||..|||..|....||..|||..|..||||.,129,5,3,1,3,21,OPEN
E130,130,E130,stoicheion-130,MODEL_LOCAL_EXTENSION,..||..|||..|....||..|||..|....||..|||..|....||..|||..|....||..|||..|....||..|||..|....||..|,130,5,3,2,1,22,A_HALF_PHASE
E131,131,E131,stoicheion-131,MODEL_LOCAL_EXTENSION,..||..|||..|....||..|||..|....||..|||..|....||..|||..|....||..|||..|....||..|||..|....||..|.,131,5,3,2,2,23,OPEN
E132,132,E132,stoicheion-132,MODEL_LOCAL_EXTENSION,..||..|||..|....||..|||..|....||..|||..|....||..|||..|....||..|||..|....||..|||..|....||..|..,132,5,3,2,3,24,OPEN
E133,133,E133,stoicheion-133,MODEL_LOCAL_EXTENSION,..||..|||..|....||..|||..|....||..|||..|....||..|||..|....||..|||..|....||..|||..|....||..|.|,133,5,3,3,1,25,OPEN
E134,134,E134,stoicheion-134,MODEL_LOCAL_EXTENSION,..||..|||..|....||..|||..|....||..|||..|....||..|||..|....||..|||..|....||..|||..|....||..|||,134,5,3,3,2,26,OPEN
E135,135,E135,stoicheion-135,MODEL_LOCAL_EXTENSION,..||..|||..|....||..|||..|....||..|||..|....||..|||..|....||..|||..|....||..|||..|....||..|||.,135,5,3,3,3,27,OPEN
E136,136,E136,stoicheion-136,MODEL_LOCAL_EXTENSION,..||..|||..|....||..|||..|....||..|||..|....||..|||..|....||..|||..|....||..|||..|....||..||||,136,6,1,1,1,1,OPEN
E137,137,E137,stoicheion-137,MODEL_LOCAL_EXTENSION,..||..|||..|....||..|||..|....||..|||..|....||..|||..|....||..|||..|....||..|||..|....||..||||.,137,6,1,1,2,2,OPEN
E138,138,E138,stoicheion-138,MODEL_LOCAL_EXTENSION,..||..|||..|....||..|||..|....||..|||..|....||..|||..|....||..|||..|....||..|||..|....||..|||||,138,6,1,1,3,3,OPEN
E139,139,E139,stoicheion-139,MODEL_LOCAL_EXTENSION,..||..|||..|....||..|||..|....||..|||..|....||..|||..|....||..|||..|....||..|||..|....||..|||||.,139,6,1,2,1,4,OPEN
E140,140,E140,stoicheion-140,MODEL_LOCAL_EXTENSION,..||..|||..|....||..|||..|....||..|||..|....||..|||..|....||..|||..|....||..|||..|....||..|||..|..,140,6,1,2,2,5,AB_PHASE_CLOSE
E141,141,E141,stoicheion-141,MODEL_LOCAL_EXTENSION,..||..|||..|....||..|||..|....||..|||..|....||..|||..|....||..|||..|....||..|||..|....||..|||..|...,141,6,1,2,3,6,OPEN
E142,142,E142,stoicheion-142,MODEL_LOCAL_EXTENSION,..||..|||..|....||..|||..|....||..|||..|....||..|||..|....||..|||..|....||..|||..|....||..|||..|....,142,6,1,3,1,7,OPEN
E143,143,E143,stoicheion-143,MODEL_LOCAL_EXTENSION,..||..|||..|....||..|||..|....||..|||..|....||..|||..|....||..|||..|....||..|||..|....||..|||..|...|,143,6,1,3,2,8,OPEN
E144,144,E144,stoicheion-144,MODEL_LOCAL_EXTENSION,..||..|||..|....||..|||..|....||..|||..|....||..|||..|....||..|||..|....||..|||..|....||..|||..|..||,144,6,1,3,3,9,AB_TRANSVERSAL_PLUS4
E145,145,E145,stoicheion-145,MODEL_LOCAL_EXTENSION,..||..|||..|....||..|||..|....||..|||..|....||..|||..|....||..|||..|....||..|||..|....||..|||..|..||.,145,6,2,1,1,10,OPEN
E146,146,E146,stoicheion-146,MODEL_LOCAL_EXTENSION,..||..|||..|....||..|||..|....||..|||..|....||..|||..|....||..|||..|....||..|||..|....||..|||..|..|||,146,6,2,1,2,11,OPEN
E147,147,E147,stoicheion-147,MODEL_LOCAL_EXTENSION,..||..|||..|....||..|||..|....||..|||..|....||..|||..|....||..|||..|....||..|||..|....||..|||..|..|||.,147,6,2,1,3,12,OPEN
E148,148,E148,stoicheion-148,MODEL_LOCAL_EXTENSION,..||..|||..|....||..|||..|....||..|||..|....||..|||..|....||..|||..|....||..|||..|....||..|||..|..||||,148,6,2,2,1,13,OPEN
E149,149,E149,stoicheion-149,MODEL_LOCAL_EXTENSION,..||..|||..|....||..|||..|....||..|||..|....||..|||..|....||..|||..|....||..|||..|....||..|||..|..||||.,149,6,2,2,2,14,OPEN
E150,150,E150,stoicheion-150,MODEL_LOCAL_EXTENSION,..||..|||..|....||..|||..|....||..|||..|....||..|||..|....||..|||..|....||..|||..|....||..|||..|....||..|,150,6,2,2,3,15,A_HALF_PHASE
E151,151,E151,stoicheion-151,MODEL_LOCAL_EXTENSION,..||..|||..|....||..|||..|....||..|||..|....||..|||..|....||..|||..|....||..|||..|....||..|||..|....||..|.,151,6,2,3,1,16,OPEN
E152,152,E152,stoicheion-152,MODEL_LOCAL_EXTENSION,..||..|||..|....||..|||..|....||..|||..|....||..|||..|....||..|||..|....||..|||..|....||..|||..|....||..|..,152,6,2,3,2,17,OPEN
E153,153,E153,stoicheion-153,MODEL_LOCAL_EXTENSION,..||..|||..|....||..|||..|....||..|||..|....||..|||..|....||..|||..|....||..|||..|....||..|||..|....||..|.|,153,6,2,3,3,18,OPEN
E154,154,E154,stoicheion-154,MODEL_LOCAL_EXTENSION,..||..|||..|....||..|||..|....||..|||..|....||..|||..|....||..|||..|....||..|||..|....||..|||..|....||..|||,154,6,3,1,1,19,OPEN
E155,155,E155,stoicheion-155,MODEL_LOCAL_EXTENSION,..||..|||..|....||..|||..|....||..|||..|....||..|||..|....||..|||..|....||..|||..|....||..|||..|....||..|||.,155,6,3,1,2,20,OPEN
E156,156,E156,stoicheion-156,MODEL_LOCAL_EXTENSION,..||..|||..|....||..|||..|....||..|||..|....||..|||..|....||..|||..|....||..|||..|....||..|||..|....||..||||,156,6,3,1,3,21,OPEN
E157,157,E157,stoicheion-157,MODEL_LOCAL_EXTENSION,..||..|||..|....||..|||..|....||..|||..|....||..|||..|....||..|||..|....||..|||..|....||..|||..|....||..||||.,157,6,3,2,1,22,OPEN
E158,158,E158,stoicheion-158,MODEL_LOCAL_EXTENSION,..||..|||..|....||..|||..|....||..|||..|....||..|||..|....||..|||..|....||..|||..|....||..|||..|....||..|||||,158,6,3,2,2,23,OPEN
E159,159,E159,stoicheion-159,MODEL_LOCAL_EXTENSION,..||..|||..|....||..|||..|....||..|||..|....||..|||..|....||..|||..|....||..|||..|....||..|||..|....||..|||||.,159,6,3,2,3,24,OPEN
E160,160,E160,stoicheion-160,MODEL_LOCAL_EXTENSION,..||..|||..|....||..|||..|....||..|||..|....||..|||..|....||..|||..|....||..|||..|....||..|||..|....||..|||..|..,160,6,3,3,1,25,AB_PHASE_CLOSE
E161,161,E161,stoicheion-161,MODEL_LOCAL_EXTENSION,..||..|||..|....||..|||..|....||..|||..|....||..|||..|....||..|||..|....||..|||..|....||..|||..|....||..|||..|...,161,6,3,3,2,26,OPEN
E162,162,E162,stoicheion-162,MODEL_LOCAL_EXTENSION,..||..|||..|....||..|||..|....||..|||..|....||..|||..|....||..|||..|....||..|||..|....||..|||..|....||..|||..|....,162,6,3,3,3,27,OPEN
E163,163,E163,stoicheion-163,MODEL_LOCAL_EXTENSION,..||..|||..|....||..|||..|....||..|||..|....||..|||..|....||..|||..|....||..|||..|....||..|||..|....||..|||..|...|,163,7,1,1,1,1,OPEN
E164,164,E164,stoicheion-164,MODEL_LOCAL_EXTENSION,..||..|||..|....||..|||..|....||..|||..|....||..|||..|....||..|||..|....||..|||..|....||..|||..|....||..|||..|..||,164,7,1,1,2,2,AB_TRANSVERSAL_PLUS4
E165,165,E165,stoicheion-165,MODEL_LOCAL_EXTENSION,..||..|||..|....||..|||..|....||..|||..|....||..|||..|....||..|||..|....||..|||..|....||..|||..|....||..|||..|..||.,165,7,1,1,3,3,OPEN
E166,166,E166,stoicheion-166,MODEL_LOCAL_EXTENSION,..||..|||..|....||..|||..|....||..|||..|....||..|||..|....||..|||..|....||..|||..|....||..|||..|....||..|||..|..|||,166,7,1,2,1,4,OPEN
E167,167,E167,stoicheion-167,MODEL_LOCAL_EXTENSION,..||..|||..|....||..|||..|....||..|||..|....||..|||..|....||..|||..|....||..|||..|....||..|||..|....||..|||..|..|||.,167,7,1,2,2,5,OPEN
E168,168,E168,stoicheion-168,MODEL_LOCAL_EXTENSION,..||..|||..|....||..|||..|....||..|||..|....||..|||..|....||..|||..|....||..|||..|....||..|||..|....||..|||..|..||||,168,7,1,2,3,6,OPEN
E169,169,E169,stoicheion-169,MODEL_LOCAL_EXTENSION,..||..|||..|....||..|||..|....||..|||..|....||..|||..|....||..|||..|....||..|||..|....||..|||..|....||..|||..|..||||.,169,7,1,3,1,7,OPEN
E170,170,E170,stoicheion-170,MODEL_LOCAL_EXTENSION,..||..|||..|....||..|||..|....||..|||..|....||..|||..|....||..|||..|....||..|||..|....||..|||..|....||..|||..|....||..|,170,7,1,3,2,8,A_HALF_PHASE
E171,171,E171,stoicheion-171,MODEL_LOCAL_EXTENSION,..||..|||..|....||..|||..|....||..|||..|....||..|||..|....||..|||..|....||..|||..|....||..|||..|....||..|||..|....||..|.,171,7,1,3,3,9,OPEN
E172,172,E172,stoicheion-172,MODEL_LOCAL_EXTENSION,..||..|||..|....||..|||..|....||..|||..|....||..|||..|....||..|||..|....||..|||..|....||..|||..|....||..|||..|....||..|..,172,7,2,1,1,10,OPEN
E173,173,E173,stoicheion-173,MODEL_LOCAL_EXTENSION,..||..|||..|....||..|||..|....||..|||..|....||..|||..|....||..|||..|....||..|||..|....||..|||..|....||..|||..|....||..|.|,173,7,2,1,2,11,OPEN
E174,174,E174,stoicheion-174,MODEL_LOCAL_EXTENSION,..||..|||..|....||..|||..|....||..|||..|....||..|||..|....||..|||..|....||..|||..|....||..|||..|....||..|||..|....||..|||,174,7,2,1,3,12,OPEN
E175,175,E175,stoicheion-175,MODEL_LOCAL_EXTENSION,..||..|||..|....||..|||..|....||..|||..|....||..|||..|....||..|||..|....||..|||..|....||..|||..|....||..|||..|....||..|||.,175,7,2,2,1,13,OPEN
E176,176,E176,stoicheion-176,MODEL_LOCAL_EXTENSION,..||..|||..|....||..|||..|....||..|||..|....||..|||..|....||..|||..|....||..|||..|....||..|||..|....||..|||..|....||..||||,176,7,2,2,2,14,OPEN
E177,177,E177,stoicheion-177,MODEL_LOCAL_EXTENSION,..||..|||..|....||..|||..|....||..|||..|....||..|||..|....||..|||..|....||..|||..|....||..|||..|....||..|||..|....||..||||.,177,7,2,2,3,15,OPEN
E178,178,E178,stoicheion-178,MODEL_LOCAL_EXTENSION,..||..|||..|....||..|||..|....||..|||..|....||..|||..|....||..|||..|....||..|||..|....||..|||..|....||..|||..|....||..|||||,178,7,2,3,1,16,OPEN
E179,179,E179,stoicheion-179,MODEL_LOCAL_EXTENSION,..||..|||..|....||..|||..|....||..|||..|....||..|||..|....||..|||..|....||..|||..|....||..|||..|....||..|||..|....||..|||||.,179,7,2,3,2,17,OPEN
E180,180,E180,stoicheion-180,MODEL_LOCAL_EXTENSION,..||..|||..|....||..|||..|....||..|||..|....||..|||..|....||..|||..|....||..|||..|....||..|||..|....||..|||..|....||..|||..|..,180,7,2,3,3,18,AB_PHASE_CLOSE
E181,181,E181,stoicheion-181,MODEL_LOCAL_EXTENSION,..||..|||..|....||..|||..|....||..|||..|....||..|||..|....||..|||..|....||..|||..|....||..|||..|....||..|||..|....||..|||..|...,181,7,3,1,1,19,OPEN
E182,182,E182,stoicheion-182,MODEL_LOCAL_EXTENSION,..||..|||..|....||..|||..|....||..|||..|....||..|||..|....||..|||..|....||..|||..|....||..|||..|....||..|||..|....||..|||..|....,182,7,3,1,2,20,OPEN
E183,183,E183,stoicheion-183,MODEL_LOCAL_EXTENSION,..||..|||..|....||..|||..|....||..|||..|....||..|||..|....||..|||..|....||..|||..|....||..|||..|....||..|||..|....||..|||..|...|,183,7,3,1,3,21,OPEN
E184,184,E184,stoicheion-184,MODEL_LOCAL_EXTENSION,..||..|||..|....||..|||..|....||..|||..|....||..|||..|....||..|||..|....||..|||..|....||..|||..|....||..|||..|....||..|||..|..||,184,7,3,2,1,22,AB_TRANSVERSAL_PLUS4
E185,185,E185,stoicheion-185,MODEL_LOCAL_EXTENSION,..||..|||..|....||..|||..|....||..|||..|....||..|||..|....||..|||..|....||..|||..|....||..|||..|....||..|||..|....||..|||..|..||.,185,7,3,2,2,23,OPEN
E186,186,E186,stoicheion-186,MODEL_LOCAL_EXTENSION,..||..|||..|....||..|||..|....||..|||..|....||..|||..|....||..|||..|....||..|||..|....||..|||..|....||..|||..|....||..|||..|..|||,186,7,3,2,3,24,OPEN
E187,187,E187,stoicheion-187,MODEL_LOCAL_EXTENSION,..||..|||..|....||..|||..|....||..|||..|....||..|||..|....||..|||..|....||..|||..|....||..|||..|....||..|||..|....||..|||..|..|||.,187,7,3,3,1,25,OPEN
E188,188,E188,stoicheion-188,MODEL_LOCAL_EXTENSION,..||..|||..|....||..|||..|....||..|||..|....||..|||..|....||..|||..|....||..|||..|....||..|||..|....||..|||..|....||..|||..|..||||,188,7,3,3,2,26,OPEN
E189,189,E189,stoicheion-189,MODEL_LOCAL_EXTENSION,..||..|||..|....||..|||..|....||..|||..|....||..|||..|....||..|||..|....||..|||..|....||..|||..|....||..|||..|....||..|||..|..||||.,189,7,3,3,3,27,OPEN
E190,190,E190,stoicheion-190,MODEL_LOCAL_EXTENSION,..||..|||..|....||..|||..|....||..|||..|....||..|||..|....||..|||..|....||..|||..|....||..|||..|....||..|||..|....||..|||..|....||..|,190,8,1,1,1,1,A_HALF_PHASE
E191,191,E191,stoicheion-191,MODEL_LOCAL_EXTENSION,..||..|||..|....||..|||..|....||..|||..|....||..|||..|....||..|||..|....||..|||..|....||..|||..|....||..|||..|....||..|||..|....||..|.,191,8,1,1,2,2,OPEN
E192,192,E192,stoicheion-192,MODEL_LOCAL_EXTENSION,..||..|||..|....||..|||..|....||..|||..|....||..|||..|....||..|||..|....||..|||..|....||..|||..|....||..|||..|....||..|||..|....||..|..,192,8,1,1,3,3,OPEN
E193,193,E193,stoicheion-193,MODEL_LOCAL_EXTENSION,..||..|||..|....||..|||..|....||..|||..|....||..|||..|....||..|||..|....||..|||..|....||..|||..|....||..|||..|....||..|||..|....||..|.|,193,8,1,2,1,4,OPEN
E194,194,E194,stoicheion-194,MODEL_LOCAL_EXTENSION,..||..|||..|....||..|||..|....||..|||..|....||..|||..|....||..|||..|....||..|||..|....||..|||..|....||..|||..|....||..|||..|....||..|||,194,8,1,2,2,5,OPEN
E195,195,E195,stoicheion-195,MODEL_LOCAL_EXTENSION,..||..|||..|....||..|||..|....||..|||..|....||..|||..|....||..|||..|....||..|||..|....||..|||..|....||..|||..|....||..|||..|....||..|||.,195,8,1,2,3,6,OPEN
E196,196,E196,stoicheion-196,MODEL_LOCAL_EXTENSION,..||..|||..|....||..|||..|....||..|||..|....||..|||..|....||..|||..|....||..|||..|....||..|||..|....||..|||..|....||..|||..|....||..||||,196,8,1,3,1,7,OPEN
E197,197,E197,stoicheion-197,MODEL_LOCAL_EXTENSION,..||..|||..|....||..|||..|....||..|||..|....||..|||..|....||..|||..|....||..|||..|....||..|||..|....||..|||..|....||..|||..|....||..||||.,197,8,1,3,2,8,OPEN
E198,198,E198,stoicheion-198,MODEL_LOCAL_EXTENSION,..||..|||..|....||..|||..|....||..|||..|....||..|||..|....||..|||..|....||..|||..|....||..|||..|....||..|||..|....||..|||..|....||..|||||,198,8,1,3,3,9,OPEN
E199,199,E199,stoicheion-199,MODEL_LOCAL_EXTENSION,..||..|||..|....||..|||..|....||..|||..|....||..|||..|....||..|||..|....||..|||..|....||..|||..|....||..|||..|....||..|||..|....||..|||||.,199,8,2,1,1,10,OPEN
E200,200,E200,stoicheion-200,MODEL_LOCAL_EXTENSION,..||..|||..|....||..|||..|....||..|||..|....||..|||..|....||..|||..|....||..|||..|....||..|||..|....||..|||..|....||..|||..|....||..|||..|..,200,8,2,1,2,11,AB_PHASE_CLOSE
E201,201,E201,stoicheion-201,MODEL_LOCAL_EXTENSION,..||..|||..|....||..|||..|....||..|||..|....||..|||..|....||..|||..|....||..|||..|....||..|||..|....||..|||..|....||..|||..|....||..|||..|...,201,8,2,1,3,12,OPEN
E202,202,E202,stoicheion-202,MODEL_LOCAL_EXTENSION,..||..|||..|....||..|||..|....||..|||..|....||..|||..|....||..|||..|....||..|||..|....||..|||..|....||..|||..|....||..|||..|....||..|||..|....,202,8,2,2,1,13,OPEN
E203,203,E203,stoicheion-203,MODEL_LOCAL_EXTENSION,..||..|||..|....||..|||..|....||..|||..|....||..|||..|....||..|||..|....||..|||..|....||..|||..|....||..|||..|....||..|||..|....||..|||..|...|,203,8,2,2,2,14,OPEN
E204,204,E204,stoicheion-204,MODEL_LOCAL_EXTENSION,..||..|||..|....||..|||..|....||..|||..|....||..|||..|....||..|||..|....||..|||..|....||..|||..|....||..|||..|....||..|||..|....||..|||..|..||,204,8,2,2,3,15,AB_TRANSVERSAL_PLUS4
E205,205,E205,stoicheion-205,MODEL_LOCAL_EXTENSION,..||..|||..|....||..|||..|....||..|||..|....||..|||..|....||..|||..|....||..|||..|....||..|||..|....||..|||..|....||..|||..|....||..|||..|..||.,205,8,2,3,1,16,OPEN
E206,206,E206,stoicheion-206,MODEL_LOCAL_EXTENSION,..||..|||..|....||..|||..|....||..|||..|....||..|||..|....||..|||..|....||..|||..|....||..|||..|....||..|||..|....||..|||..|....||..|||..|..|||,206,8,2,3,2,17,OPEN
E207,207,E207,stoicheion-207,MODEL_LOCAL_EXTENSION,..||..|||..|....||..|||..|....||..|||..|....||..|||..|....||..|||..|....||..|||..|....||..|||..|....||..|||..|....||..|||..|....||..|||..|..|||.,207,8,2,3,3,18,OPEN
E208,208,E208,stoicheion-208,MODEL_LOCAL_EXTENSION,..||..|||..|....||..|||..|....||..|||..|....||..|||..|....||..|||..|....||..|||..|....||..|||..|....||..|||..|....||..|||..|....||..|||..|..||||,208,8,3,1,1,19,OPEN
E209,209,E209,stoicheion-209,MODEL_LOCAL_EXTENSION,..||..|||..|....||..|||..|....||..|||..|....||..|||..|....||..|||..|....||..|||..|....||..|||..|....||..|||..|....||..|||..|....||..|||..|..||||.,209,8,3,1,2,20,OPEN
E210,210,E210,stoicheion-210,MODEL_LOCAL_EXTENSION,..||..|||..|....||..|||..|....||..|||..|....||..|||..|....||..|||..|....||..|||..|....||..|||..|....||..|||..|....||..|||..|....||..|||..|....||..|,210,8,3,1,3,21,A_HALF_PHASE
E211,211,E211,stoicheion-211,MODEL_LOCAL_EXTENSION,..||..|||..|....||..|||..|....||..|||..|....||..|||..|....||..|||..|....||..|||..|....||..|||..|....||..|||..|....||..|||..|....||..|||..|....||..|.,211,8,3,2,1,22,OPEN
E212,212,E212,stoicheion-212,MODEL_LOCAL_EXTENSION,..||..|||..|....||..|||..|....||..|||..|....||..|||..|....||..|||..|....||..|||..|....||..|||..|....||..|||..|....||..|||..|....||..|||..|....||..|..,212,8,3,2,2,23,OPEN
E213,213,E213,stoicheion-213,MODEL_LOCAL_EXTENSION,..||..|||..|....||..|||..|....||..|||..|....||..|||..|....||..|||..|....||..|||..|....||..|||..|....||..|||..|....||..|||..|....||..|||..|....||..|.|,213,8,3,2,3,24,OPEN
E214,214,E214,stoicheion-214,MODEL_LOCAL_EXTENSION,..||..|||..|....||..|||..|....||..|||..|....||..|||..|....||..|||..|....||..|||..|....||..|||..|....||..|||..|....||..|||..|....||..|||..|....||..|||,214,8,3,3,1,25,OPEN
E215,215,E215,stoicheion-215,MODEL_LOCAL_EXTENSION,..||..|||..|....||..|||..|....||..|||..|....||..|||..|....||..|||..|....||..|||..|....||..|||..|....||..|||..|....||..|||..|....||..|||..|....||..|||.,215,8,3,3,2,26,OPEN
E216,216,E216,stoicheion-216,MODEL_LOCAL_EXTENSION,..||..|||..|....||..|||..|....||..|||..|....||..|||..|....||..|||..|....||..|||..|....||..|||..|....||..|||..|....||..|||..|....||..|||..|....||..||||,216,8,3,3,3,27,OPEN
E217,217,E217,stoicheion-217,MODEL_LOCAL_EXTENSION,..||..|||..|....||..|||..|....||..|||..|....||..|||..|....||..|||..|....||..|||..|....||..|||..|....||..|||..|....||..|||..|....||..|||..|....||..||||.,217,9,1,1,1,1,OPEN
E218,218,E218,stoicheion-218,MODEL_LOCAL_EXTENSION,..||..|||..|....||..|||..|....||..|||..|....||..|||..|....||..|||..|....||..|||..|....||..|||..|....||..|||..|....||..|||..|....||..|||..|....||..|||||,218,9,1,1,2,2,OPEN
E219,219,E219,stoicheion-219,MODEL_LOCAL_EXTENSION,..||..|||..|....||..|||..|....||..|||..|....||..|||..|....||..|||..|....||..|||..|....||..|||..|....||..|||..|....||..|||..|....||..|||..|....||..|||||.,219,9,1,1,3,3,OPEN
E220,220,E220,stoicheion-220,MODEL_LOCAL_EXTENSION,..||..|||..|....||..|||..|....||..|||..|....||..|||..|....||..|||..|....||..|||..|....||..|||..|....||..|||..|....||..|||..|....||..|||..|....||..|||..|..,220,9,1,2,1,4,AB_PHASE_CLOSE
E221,221,E221,stoicheion-221,MODEL_LOCAL_EXTENSION,..||..|||..|....||..|||..|....||..|||..|....||..|||..|....||..|||..|....||..|||..|....||..|||..|....||..|||..|....||..|||..|....||..|||..|....||..|||..|...,221,9,1,2,2,5,OPEN
E222,222,E222,stoicheion-222,MODEL_LOCAL_EXTENSION,..||..|||..|....||..|||..|....||..|||..|....||..|||..|....||..|||..|....||..|||..|....||..|||..|....||..|||..|....||..|||..|....||..|||..|....||..|||..|....,222,9,1,2,3,6,OPEN
E223,223,E223,stoicheion-223,MODEL_LOCAL_EXTENSION,..||..|||..|....||..|||..|....||..|||..|....||..|||..|....||..|||..|....||..|||..|....||..|||..|....||..|||..|....||..|||..|....||..|||..|....||..|||..|...|,223,9,1,3,1,7,OPEN
E224,224,E224,stoicheion-224,MODEL_LOCAL_EXTENSION,..||..|||..|....||..|||..|....||..|||..|....||..|||..|....||..|||..|....||..|||..|....||..|||..|....||..|||..|....||..|||..|....||..|||..|....||..|||..|..||,224,9,1,3,2,8,AB_TRANSVERSAL_PLUS4
E225,225,E225,stoicheion-225,MODEL_LOCAL_EXTENSION,..||..|||..|....||..|||..|....||..|||..|....||..|||..|....||..|||..|....||..|||..|....||..|||..|....||..|||..|....||..|||..|....||..|||..|....||..|||..|..||.,225,9,1,3,3,9,OPEN
E226,226,E226,stoicheion-226,MODEL_LOCAL_EXTENSION,..||..|||..|....||..|||..|....||..|||..|....||..|||..|....||..|||..|....||..|||..|....||..|||..|....||..|||..|....||..|||..|....||..|||..|....||..|||..|..|||,226,9,2,1,1,10,OPEN
E227,227,E227,stoicheion-227,MODEL_LOCAL_EXTENSION,..||..|||..|....||..|||..|....||..|||..|....||..|||..|....||..|||..|....||..|||..|....||..|||..|....||..|||..|....||..|||..|....||..|||..|....||..|||..|..|||.,227,9,2,1,2,11,OPEN
E228,228,E228,stoicheion-228,MODEL_LOCAL_EXTENSION,..||..|||..|....||..|||..|....||..|||..|....||..|||..|....||..|||..|....||..|||..|....||..|||..|....||..|||..|....||..|||..|....||..|||..|....||..|||..|..||||,228,9,2,1,3,12,OPEN
E229,229,E229,stoicheion-229,MODEL_LOCAL_EXTENSION,..||..|||..|....||..|||..|....||..|||..|....||..|||..|....||..|||..|....||..|||..|....||..|||..|....||..|||..|....||..|||..|....||..|||..|....||..|||..|..||||.,229,9,2,2,1,13,OPEN
E230,230,E230,stoicheion-230,MODEL_LOCAL_EXTENSION,..||..|||..|....||..|||..|....||..|||..|....||..|||..|....||..|||..|....||..|||..|....||..|||..|....||..|||..|....||..|||..|....||..|||..|....||..|||..|....||..|,230,9,2,2,2,14,A_HALF_PHASE
E231,231,E231,stoicheion-231,MODEL_LOCAL_EXTENSION,..||..|||..|....||..|||..|....||..|||..|....||..|||..|....||..|||..|....||..|||..|....||..|||..|....||..|||..|....||..|||..|....||..|||..|....||..|||..|....||..|.,231,9,2,2,3,15,OPEN
E232,232,E232,stoicheion-232,MODEL_LOCAL_EXTENSION,..||..|||..|....||..|||..|....||..|||..|....||..|||..|....||..|||..|....||..|||..|....||..|||..|....||..|||..|....||..|||..|....||..|||..|....||..|||..|....||..|..,232,9,2,3,1,16,OPEN
E233,233,E233,stoicheion-233,MODEL_LOCAL_EXTENSION,..||..|||..|....||..|||..|....||..|||..|....||..|||..|....||..|||..|....||..|||..|....||..|||..|....||..|||..|....||..|||..|....||..|||..|....||..|||..|....||..|.|,233,9,2,3,2,17,OPEN
E234,234,E234,stoicheion-234,MODEL_LOCAL_EXTENSION,..||..|||..|....||..|||..|....||..|||..|....||..|||..|....||..|||..|....||..|||..|....||..|||..|....||..|||..|....||..|||..|....||..|||..|....||..|||..|....||..|||,234,9,2,3,3,18,OPEN
E235,235,E235,stoicheion-235,MODEL_LOCAL_EXTENSION,..||..|||..|....||..|||..|....||..|||..|....||..|||..|....||..|||..|....||..|||..|....||..|||..|....||..|||..|....||..|||..|....||..|||..|....||..|||..|....||..|||.,235,9,3,1,1,19,OPEN
E236,236,E236,stoicheion-236,MODEL_LOCAL_EXTENSION,..||..|||..|....||..|||..|....||..|||..|....||..|||..|....||..|||..|....||..|||..|....||..|||..|....||..|||..|....||..|||..|....||..|||..|....||..|||..|....||..||||,236,9,3,1,2,20,OPEN
E237,237,E237,stoicheion-237,MODEL_LOCAL_EXTENSION,..||..|||..|....||..|||..|....||..|||..|....||..|||..|....||..|||..|....||..|||..|....||..|||..|....||..|||..|....||..|||..|....||..|||..|....||..|||..|....||..||||.,237,9,3,1,3,21,OPEN
E238,238,E238,stoicheion-238,MODEL_LOCAL_EXTENSION,..||..|||..|....||..|||..|....||..|||..|....||..|||..|....||..|||..|....||..|||..|....||..|||..|....||..|||..|....||..|||..|....||..|||..|....||..|||..|....||..|||||,238,9,3,2,1,22,OPEN
E239,239,E239,stoicheion-239,MODEL_LOCAL_EXTENSION,..||..|||..|....||..|||..|....||..|||..|....||..|||..|....||..|||..|....||..|||..|....||..|||..|....||..|||..|....||..|||..|....||..|||..|....||..|||..|....||..|||||.,239,9,3,2,2,23,OPEN
E240,240,E240,stoicheion-240,MODEL_LOCAL_EXTENSION,..||..|||..|....||..|||..|....||..|||..|....||..|||..|....||..|||..|....||..|||..|....||..|||..|....||..|||..|....||..|||..|....||..|||..|....||..|||..|....||..|||..|..,240,9,3,2,3,24,AB_PHASE_CLOSE
E241,241,E241,stoicheion-241,MODEL_LOCAL_EXTENSION,..||..|||..|....||..|||..|....||..|||..|....||..|||..|....||..|||..|....||..|||..|....||..|||..|....||..|||..|....||..|||..|....||..|||..|....||..|||..|....||..|||..|...,241,9,3,3,1,25,OPEN
E242,242,E242,stoicheion-242,MODEL_LOCAL_EXTENSION,..||..|||..|....||..|||..|....||..|||..|....||..|||..|....||..|||..|....||..|||..|....||..|||..|....||..|||..|....||..|||..|....||..|||..|....||..|||..|....||..|||..|....,242,9,3,3,2,26,OPEN
E243,243,E243,stoicheion-243,MODEL_LOCAL_EXTENSION,..||..|||..|....||..|||..|....||..|||..|....||..|||..|....||..|||..|....||..|||..|....||..|||..|....||..|||..|....||..|||..|....||..|||..|....||..|||..|....||..|||..|...|,243,9,3,3,3,27,OPEN
E244,244,E244,stoicheion-244,MODEL_LOCAL_EXTENSION,..||..|||..|....||..|||..|....||..|||..|....||..|||..|....||..|||..|....||..|||..|....||..|||..|....||..|||..|....||..|||..|....||..|||..|....||..|||..|....||..|||..|..||,244,10,1,1,1,1,AB_TRANSVERSAL_PLUS4
E245,245,E245,stoicheion-245,MODEL_LOCAL_EXTENSION,..||..|||..|....||..|||..|....||..|||..|....||..|||..|....||..|||..|....||..|||..|....||..|||..|....||..|||..|....||..|||..|....||..|||..|....||..|||..|....||..|||..|..||.,245,10,1,1,2,2,OPEN
E246,246,E246,stoicheion-246,MODEL_LOCAL_EXTENSION,..||..|||..|....||..|||..|....||..|||..|....||..|||..|....||..|||..|....||..|||..|....||..|||..|....||..|||..|....||..|||..|....||..|||..|....||..|||..|....||..|||..|..|||,246,10,1,1,3,3,OPEN
E247,247,E247,stoicheion-247,MODEL_LOCAL_EXTENSION,..||..|||..|....||..|||..|....||..|||..|....||..|||..|....||..|||..|....||..|||..|....||..|||..|....||..|||..|....||..|||..|....||..|||..|....||..|||..|....||..|||..|..|||.,247,10,1,2,1,4,OPEN
E248,248,E248,stoicheion-248,MODEL_LOCAL_EXTENSION,..||..|||..|....||..|||..|....||..|||..|....||..|||..|....||..|||..|....||..|||..|....||..|||..|....||..|||..|....||..|||..|....||..|||..|....||..|||..|....||..|||..|..||||,248,10,1,2,2,5,OPEN
E249,249,E249,stoicheion-249,MODEL_LOCAL_EXTENSION,..||..|||..|....||..|||..|....||..|||..|....||..|||..|....||..|||..|....||..|||..|....||..|||..|....||..|||..|....||..|||..|....||..|||..|....||..|||..|....||..|||..|..||||.,249,10,1,2,3,6,OPEN
E250,250,E250,stoicheion-250,MODEL_LOCAL_EXTENSION,..||..|||..|....||..|||..|....||..|||..|....||..|||..|....||..|||..|....||..|||..|....||..|||..|....||..|||..|....||..|||..|....||..|||..|....||..|||..|....||..|||..|....||..|,250,10,1,3,1,7,A_HALF_PHASE
